crop_type,region,soil_type,rainfall_mm,temperature_c,humidity_pct,soil_ph,nitrogen_kg_ha,phosphorus_kg_ha,potassium_kg_ha,pest_risk,yield_ton_per_hectare
Rice,North,Loamy,1098.39,27.41,60.1,6.22,124.59,100.3,39.56,4.59,7.64
Rice,North,Clay,1154.84,31.96,49.17,6.31,108.12,39.84,94.82,7.88,6.79
Rice,North,Black,1076.21,25.06,54.84,6.49,51.59,28.7,123.22,6.13,6.46
Rice,North,Clay,727.01,25.94,64.66,5.3,117.31,97.55,93.51,6.99,5.51
Rice,East,Loamy,1182.9,18.23,85.63,6.39,96.68,95.07,47.89,4.02,6.16
Rice,North,Clay,1048.87,26.68,80.08,6.33,163.69,77.6,91.26,6.82,7.32
Rice,West,Clay,1238.26,22.47,65.65,7.01,110.9,84.61,53.39,5.24,6.3
Rice,Central,Black,1109.46,30.55,72.7,6.05,152.23,55.95,54.13,9.48,7.07
Rice,Central,Sandy,1159.2,28.57,52.82,5.54,92.77,25.72,71.98,9.47,6.03
Rice,West,Clay,1412.97,26.78,48.51,5.98,107.12,44.01,100.51,1.95,6.2
Rice,Central,Alluvial,763.62,30.42,86.54,6.06,62.33,102.14,125.76,3.54,6.66
Rice,East,Sandy,1165.8,31.12,55.11,7.07,154.81,73.91,83.75,1.95,6.86
Rice,West,Alluvial,1127.37,30.52,72.96,6.74,142.0,108.02,88.6,2.07,7.65
Rice,East,Black,1213.4,31.59,74.69,7.11,134.41,82.09,108.42,4.39,6.59
Rice,North,Clay,1252.76,25.8,58.91,6.19,109.24,72.96,30.79,7.02,6.42
Rice,Central,Black,1154.55,28.35,62.54,5.74,100.68,68.53,109.57,8.5,6.85
Rice,North,Loamy,1127.47,31.84,65.91,6.65,84.29,57.0,125.02,1.46,7.35
Rice,North,Black,1008.21,29.78,85.91,6.1,96.08,57.97,60.64,3.12,7.15
Rice,West,Black,1225.28,21.75,52.31,5.78,41.84,28.39,112.89,3.01,6.03
Rice,Central,Black,822.06,28.79,87.71,6.12,88.8,103.39,116.36,3.42,6.84
Rice,Central,Clay,1190.87,30.36,90.62,5.61,133.5,25.14,94.26,5.27,6.7
Rice,Central,Alluvial,1287.33,29.42,85.46,6.25,147.73,56.34,133.58,5.84,7.03
Rice,South,Sandy,1180.12,28.35,76.92,5.74,72.6,80.28,64.56,3.26,7.03
Rice,South,Sandy,787.36,30.08,89.17,6.73,110.37,29.0,89.14,5.3,5.9
Rice,North,Alluvial,1345.99,23.24,64.26,6.57,127.94,75.05,138.6,6.56,6.58
Rice,East,Clay,1052.42,32.78,89.31,6.25,53.38,69.79,59.96,6.14,6.52
Rice,East,Clay,1007.61,21.85,70.24,6.09,46.35,77.09,121.23,1.37,7.3
Rice,Central,Loamy,1043.85,25.99,80.61,5.65,41.21,26.77,127.14,8.68,6.23
Rice,South,Clay,1220.49,24.13,54.52,6.37,152.37,91.65,124.68,8.64,6.8
Rice,South,Black,1050.13,25.25,72.63,6.96,133.68,103.32,56.04,2.38,6.56
Rice,North,Black,1362.04,28.86,62.62,6.83,148.01,92.97,59.35,7.69,5.99
Rice,South,Black,1326.02,23.16,57.79,6.3,78.15,91.58,55.04,1.2,6.23
Rice,North,Sandy,978.43,33.99,90.54,5.98,89.96,108.3,88.98,8.98,6.54
Rice,West,Alluvial,1286.81,35.85,59.68,6.47,131.07,48.23,96.68,5.35,6.19
Rice,West,Loamy,1136.62,28.95,67.19,5.29,125.86,104.62,111.07,2.67,7.4
Rice,East,Alluvial,1440.5,25.58,75.42,5.98,152.51,65.64,103.36,3.77,6.43
Rice,East,Clay,1229.18,30.55,89.38,5.67,116.94,47.09,90.27,1.0,6.69
Rice,South,Loamy,941.29,29.91,76.81,5.63,66.71,62.59,129.13,7.77,6.33
Rice,North,Clay,1073.33,32.91,75.25,7.02,69.36,47.94,118.72,2.25,6.95
Rice,South,Loamy,1325.15,27.53,81.81,5.2,111.96,84.65,72.24,4.4,6.63
Rice,North,Black,1352.51,23.79,86.96,6.16,140.51,82.63,81.1,5.74,6.32
Rice,West,Alluvial,1232.2,30.82,71.37,5.73,134.41,59.83,119.65,8.58,6.48
Rice,South,Sandy,1036.73,28.67,85.91,5.39,144.98,44.96,115.54,5.12,7.14
Rice,South,Loamy,899.54,29.98,58.32,5.61,50.07,33.57,72.13,2.3,6.59
Rice,Central,Black,1004.32,29.55,68.5,6.89,88.68,89.28,134.07,1.17,7.29
Rice,South,Black,764.99,29.17,61.14,5.37,144.47,68.44,110.81,7.8,6.14
Rice,Central,Alluvial,1150.65,31.57,49.28,5.75,90.54,34.85,81.41,2.08,7.16
Rice,South,Black,1267.99,28.57,72.83,6.74,56.96,61.55,35.53,4.22,6.41
Rice,East,Clay,1002.13,33.1,64.68,6.11,71.53,27.37,32.13,5.59,5.67
Rice,North,Alluvial,966.48,23.2,76.68,6.13,64.92,21.83,46.76,2.07,5.83
Rice,East,Loamy,1278.82,26.77,59.27,5.68,160.47,84.65,115.56,2.39,7.43
Rice,South,Loamy,816.4,24.29,73.34,6.47,157.68,37.85,95.13,8.06,5.73
Rice,North,Alluvial,1078.6,25.28,78.11,6.37,110.74,23.7,88.6,6.62,6.34
Rice,South,Alluvial,1105.63,27.57,66.48,5.62,85.27,100.24,80.57,2.3,7.43
Rice,North,Sandy,1236.24,27.42,83.56,5.6,94.45,85.79,59.52,8.24,6.44
Rice,East,Sandy,1202.54,26.28,68.45,5.76,43.59,96.59,50.0,2.8,6.7
Rice,South,Black,1082.58,32.5,86.72,5.59,63.88,41.72,74.71,5.72,6.33
Rice,Central,Sandy,1013.97,24.86,82.89,6.37,126.47,47.56,93.97,5.02,6.88
Rice,Central,Clay,898.4,30.54,62.55,6.0,71.43,30.86,51.18,2.02,6.18
Rice,East,Clay,1208.24,33.2,60.17,5.46,114.6,108.25,121.59,3.52,6.62
Rice,North,Loamy,1044.09,33.05,53.57,6.24,76.52,104.97,100.17,7.4,6.51
Rice,North,Alluvial,969.08,26.28,67.38,6.16,157.63,63.0,120.43,4.41,7.19
Rice,Central,Clay,1085.79,27.18,54.56,5.75,164.24,30.66,114.09,6.15,7.05
Rice,North,Clay,1143.59,24.72,87.97,5.92,93.6,71.18,36.63,9.16,6.77
Rice,North,Clay,1037.1,26.11,51.57,6.14,59.57,56.77,105.83,4.99,7.07
Rice,South,Black,1091.0,30.69,85.82,6.4,73.07,91.21,94.88,7.83,6.86
Rice,East,Black,1200.4,29.6,54.56,6.08,47.45,91.34,95.45,8.01,6.73
Rice,East,Alluvial,1282.69,31.66,78.79,6.6,101.72,27.24,34.38,4.67,6.02
Rice,North,Clay,1119.85,29.49,90.32,6.4,158.85,109.96,103.95,3.29,7.58
Rice,East,Sandy,905.93,28.91,88.31,6.35,119.35,64.26,40.04,3.96,6.89
Rice,East,Sandy,977.51,22.11,62.51,5.97,158.15,93.22,90.51,4.87,6.52
Rice,East,Alluvial,943.35,36.07,65.78,4.77,122.21,68.83,75.46,2.59,5.75
Rice,Central,Clay,1128.51,23.24,81.44,6.26,155.96,59.43,106.81,2.03,7.73
Rice,South,Black,1087.65,25.16,48.6,5.83,145.18,30.21,134.18,6.51,7.01
Rice,Central,Alluvial,1233.63,26.84,79.04,5.65,99.03,61.11,45.91,2.62,6.98
Rice,East,Alluvial,1118.11,26.16,51.07,6.23,82.48,90.89,59.39,1.02,6.99
Rice,South,Clay,926.89,25.6,86.07,5.61,81.55,88.66,71.49,8.93,6.14
Rice,South,Black,1021.54,26.92,82.12,6.82,128.15,93.03,72.47,6.64,6.85
Rice,South,Black,1196.03,27.61,90.48,6.0,145.63,28.97,130.15,1.13,7.82
Rice,Central,Black,1393.56,21.47,51.29,6.17,117.91,55.77,38.83,3.79,5.67
Rice,South,Loamy,1321.92,26.64,87.05,5.54,117.18,41.13,105.28,3.44,6.69
Rice,East,Sandy,1057.5,28.62,75.88,6.44,126.75,101.31,35.06,7.77,6.66
Rice,South,Black,1060.56,29.35,71.37,5.37,61.25,27.11,125.79,6.27,6.39
Rice,South,Loamy,1191.17,27.02,68.29,6.09,41.17,92.42,129.13,6.76,7.14
Rice,West,Loamy,991.03,29.12,73.85,5.8,71.26,96.08,51.91,4.27,6.57
Rice,North,Alluvial,1135.69,32.41,73.29,6.48,162.24,79.24,60.19,5.81,6.92
Rice,South,Loamy,1111.39,21.57,87.73,6.15,140.24,39.71,50.91,3.13,6.8
Rice,South,Clay,1297.65,25.2,61.59,5.55,131.54,28.11,62.46,7.35,6.12
Rice,East,Sandy,1246.0,31.13,90.75,5.12,143.81,43.13,120.72,5.1,6.5
Rice,Central,Sandy,1176.35,24.4,51.31,6.11,124.54,80.7,73.72,8.19,6.49
Rice,East,Loamy,1246.73,29.83,59.64,6.41,133.63,43.59,71.91,6.43,6.69
Rice,East,Black,1042.94,24.58,75.26,6.48,116.26,78.29,99.89,4.95,6.82
Rice,Central,Black,1153.96,28.69,49.64,6.32,69.35,68.38,72.75,4.15,7.0
Rice,South,Black,913.9,25.14,86.96,5.62,116.96,104.51,60.77,6.87,5.97
Rice,North,Black,1016.49,28.85,63.96,6.53,152.71,78.03,36.66,3.34,6.99
Rice,Central,Clay,1206.86,29.28,76.14,6.24,81.69,108.99,116.57,2.74,7.39
Rice,Central,Sandy,884.78,24.78,58.25,6.22,114.5,44.95,138.24,9.39,5.67
Rice,South,Black,1141.73,26.43,86.12,6.39,138.55,73.0,31.74,3.26,7.43
Rice,Central,Sandy,875.11,27.08,68.95,6.19,53.63,65.35,134.0,1.37,6.6
Rice,North,Sandy,746.55,30.28,50.68,5.65,125.76,64.12,130.07,1.62,6.35
Rice,Central,Black,1077.02,27.21,60.1,5.72,80.65,109.52,88.36,4.86,6.91
Rice,East,Black,1309.48,31.09,85.52,5.65,130.1,39.35,79.67,2.94,6.29
Rice,North,Loamy,924.88,31.27,61.75,5.97,159.2,81.81,82.17,1.78,7.13
Rice,West,Loamy,894.53,30.33,64.4,6.21,159.58,70.55,103.7,4.49,6.83
Rice,East,Loamy,1319.18,27.09,63.47,5.83,122.09,40.18,41.9,8.19,6.03
Rice,East,Loamy,1135.51,23.57,83.52,6.79,142.3,75.22,100.7,1.22,6.82
Rice,North,Loamy,1218.92,32.8,61.6,6.07,148.73,70.97,74.09,2.21,7.06
Rice,North,Clay,1117.45,25.63,66.47,5.87,130.2,89.92,92.44,1.72,7.78
Rice,North,Sandy,1234.32,31.94,77.65,6.01,100.71,59.78,60.05,7.42,6.69
Rice,East,Clay,1009.26,29.18,77.85,5.43,45.68,55.57,95.93,1.07,6.9
Rice,Central,Sandy,1147.74,22.26,60.74,6.48,93.83,31.63,88.58,2.96,6.84
Rice,West,Sandy,1388.33,30.96,49.86,7.11,147.76,71.82,93.07,7.03,5.88
Rice,South,Black,1143.08,28.46,62.29,6.3,144.0,102.78,39.69,8.18,6.73
Rice,Central,Clay,965.0,25.81,65.41,5.95,81.63,35.13,86.15,1.97,6.94
Rice,North,Clay,1235.48,26.24,80.0,6.45,69.53,33.18,51.7,6.12,5.97
Rice,East,Sandy,1321.13,26.56,68.41,5.55,125.14,99.38,100.73,9.39,6.16
Rice,North,Sandy,1152.89,29.04,67.46,5.98,47.02,65.66,64.14,4.84,7.08
Rice,North,Black,1149.43,26.82,86.03,6.48,103.38,61.64,90.97,7.73,6.64
Rice,North,Alluvial,1284.29,25.61,56.28,5.68,159.72,60.55,119.21,8.12,6.32
Rice,East,Alluvial,1094.26,27.24,79.14,6.65,116.23,52.75,130.97,4.29,7.29
Wheat,Central,Clay,820.42,22.55,62.72,6.42,88.32,42.68,123.67,9.2,4.57
Wheat,East,Alluvial,520.81,24.89,54.22,6.01,127.31,55.28,95.45,8.97,4.79
Wheat,West,Alluvial,430.16,25.21,83.78,6.29,132.35,81.69,87.9,6.49,4.2
Wheat,North,Alluvial,528.0,23.46,55.93,6.94,100.78,40.39,45.13,1.66,5.54
Wheat,Central,Clay,657.25,14.6,86.88,7.1,135.79,31.79,71.44,2.38,5.06
Wheat,South,Sandy,611.93,20.0,64.03,6.47,116.32,87.72,116.22,2.99,5.24
Wheat,Central,Alluvial,876.64,19.72,87.77,6.93,111.3,59.65,114.64,7.61,4.86
Wheat,Central,Loamy,542.2,21.99,56.79,5.98,46.52,63.25,70.83,8.94,4.03
Wheat,East,Loamy,564.37,26.63,60.0,6.91,94.68,105.18,54.42,4.83,4.76
Wheat,East,Clay,490.3,22.74,64.45,6.56,68.07,48.68,40.9,7.07,4.51
Wheat,East,Clay,700.05,23.13,84.51,6.62,128.19,60.37,30.58,1.67,5.28
Wheat,Central,Black,716.3,17.31,80.0,6.48,76.01,47.1,35.25,4.57,4.62
Wheat,East,Clay,883.61,23.49,69.99,6.08,111.88,84.67,62.04,1.01,4.62
Wheat,North,Black,532.76,20.06,77.4,6.28,159.18,68.97,116.51,5.31,5.38
Wheat,North,Alluvial,651.31,20.28,65.02,6.18,84.64,26.08,56.52,6.59,5.02
Wheat,South,Clay,607.47,17.96,49.95,5.91,61.89,90.12,81.11,6.91,4.52
Wheat,Central,Black,859.41,23.27,68.14,6.66,64.93,23.77,132.67,5.38,4.56
Wheat,West,Black,614.78,26.69,56.41,6.21,148.22,49.87,43.69,4.13,5.17
Wheat,North,Black,736.98,18.93,90.84,6.17,155.54,66.73,118.13,7.18,5.04
Wheat,West,Sandy,396.96,17.21,72.0,6.62,122.61,47.58,96.29,4.62,4.72
Wheat,West,Sandy,391.57,22.79,88.11,6.34,119.93,91.23,36.31,6.71,4.33
Wheat,East,Sandy,371.11,20.54,55.04,7.56,124.76,59.44,43.89,3.01,4.54
Wheat,West,Sandy,476.12,23.95,74.62,6.23,86.5,88.68,93.13,5.5,4.24
Wheat,West,Clay,552.93,18.92,52.99,6.65,88.37,70.55,58.8,3.21,4.92
Wheat,North,Sandy,742.98,20.94,88.33,6.47,146.6,60.68,128.85,4.78,5.53
Wheat,East,Alluvial,503.58,16.35,72.2,6.6,59.69,83.86,107.02,2.48,5.21
Wheat,South,Alluvial,690.13,30.74,82.85,6.74,85.11,71.5,81.41,9.36,4.36
Wheat,East,Loamy,661.32,20.17,65.52,6.59,91.35,56.85,93.24,2.07,5.34
Wheat,North,Loamy,404.62,22.59,63.16,7.26,119.97,36.38,136.29,4.68,4.44
Wheat,South,Alluvial,493.09,20.67,55.13,7.0,158.44,66.7,61.25,1.67,5.37
Wheat,Central,Sandy,587.85,25.71,75.03,7.24,113.98,72.26,48.83,6.31,4.88
Wheat,West,Alluvial,726.09,17.34,84.31,6.84,120.18,71.91,101.62,7.52,4.89
Wheat,North,Loamy,506.88,17.94,75.6,6.42,100.37,92.42,105.35,3.53,5.73
Wheat,West,Clay,704.89,23.95,68.44,6.57,147.69,48.74,138.68,3.94,5.52
Wheat,Central,Black,632.08,16.92,52.67,6.71,96.2,32.68,35.57,9.04,4.57
Wheat,West,Sandy,623.26,27.81,55.03,6.42,79.09,88.68,84.81,5.38,5.04
Wheat,West,Sandy,554.84,21.02,65.3,6.38,112.92,24.38,60.95,6.08,5.01
Wheat,South,Sandy,336.95,19.49,66.96,7.24,135.48,52.93,74.06,5.85,4.07
Wheat,West,Sandy,564.62,20.56,70.19,6.73,163.64,81.24,43.07,9.29,4.95
Wheat,East,Black,658.0,18.03,89.31,6.71,103.64,65.01,34.98,2.16,5.25
Wheat,Central,Sandy,535.44,20.77,87.3,7.37,79.82,55.37,97.82,8.16,5.15
Wheat,East,Loamy,441.1,20.81,69.55,6.23,42.08,49.81,42.06,4.54,4.36
Wheat,Central,Black,523.33,19.47,76.85,7.28,68.44,24.62,82.85,5.46,4.59
Wheat,West,Alluvial,755.78,25.11,49.39,6.91,42.37,48.23,46.66,6.87,4.04
Wheat,Central,Black,672.75,13.44,86.4,6.69,57.26,38.66,65.76,6.63,4.28
Wheat,Central,Black,583.93,22.93,88.13,6.47,136.5,84.88,100.76,6.89,5.56
Wheat,East,Black,660.05,23.39,72.56,6.89,77.2,46.01,52.8,6.99,5.34
Wheat,South,Sandy,416.73,27.44,83.0,6.67,124.58,54.17,137.82,7.96,4.51
Wheat,Central,Sandy,981.0,23.21,51.48,7.28,133.42,39.26,121.07,3.3,4.12
Wheat,West,Loamy,754.95,24.57,73.82,6.73,106.38,77.42,35.77,4.51,5.13
Wheat,East,Sandy,585.82,19.32,90.44,6.96,121.61,99.26,82.33,6.53,5.36
Wheat,West,Clay,608.44,22.16,81.82,6.51,132.34,96.53,34.1,8.83,5.0
Wheat,East,Alluvial,657.35,20.63,84.79,6.77,133.63,98.51,61.84,1.32,5.85
Wheat,East,Clay,344.87,16.3,62.74,6.08,105.54,100.03,44.76,5.29,4.09
Wheat,South,Clay,668.55,18.16,80.17,6.27,41.76,50.34,62.45,6.73,4.28
Wheat,South,Loamy,455.9,17.89,65.84,6.34,90.1,28.58,137.99,5.06,4.75
Wheat,North,Loamy,612.56,23.49,81.17,7.07,130.36,21.03,101.91,6.89,5.04
Wheat,East,Alluvial,533.59,21.43,78.19,7.53,136.23,82.13,100.26,9.0,4.64
Wheat,South,Clay,688.63,29.4,69.04,5.4,86.7,83.17,130.41,7.44,4.21
Wheat,Central,Clay,534.43,16.85,82.64,6.16,85.22,102.55,42.34,8.04,4.39
Wheat,North,Black,543.29,20.15,62.44,6.48,65.68,72.48,40.0,5.34,4.87
Wheat,South,Alluvial,725.01,23.6,72.81,6.07,78.52,21.96,57.99,1.03,4.71
Wheat,South,Clay,761.19,22.58,78.82,6.55,151.78,108.75,81.93,3.44,5.45
Wheat,Central,Clay,661.23,11.63,76.42,5.46,87.81,98.27,129.74,4.19,4.77
Wheat,East,Black,541.0,18.42,55.85,6.16,130.98,40.04,30.38,1.19,4.95
Wheat,North,Loamy,533.03,17.22,71.41,6.85,83.27,44.81,133.12,7.16,4.63
Wheat,North,Clay,677.09,17.7,81.71,6.76,65.76,29.08,33.69,6.08,4.6
Wheat,Central,Sandy,610.96,17.56,58.31,6.88,47.06,65.35,61.82,7.93,5.04
Wheat,Central,Alluvial,391.85,18.26,84.01,6.78,163.21,66.91,75.49,3.34,5.47
Wheat,East,Black,860.43,15.86,75.54,6.23,161.54,104.74,103.85,7.68,4.51
Wheat,North,Alluvial,513.8,22.56,56.09,6.38,68.17,97.18,45.88,4.94,4.77
Wheat,Central,Clay,487.15,22.84,71.32,6.44,81.28,27.12,79.48,4.15,4.89
Wheat,South,Sandy,758.38,22.05,74.62,6.87,140.58,72.88,103.86,2.84,5.49
Wheat,South,Black,512.28,28.03,57.32,6.97,133.36,87.89,130.59,6.91,5.0
Wheat,North,Black,783.71,18.81,82.12,6.29,84.91,43.54,86.41,5.23,4.81
Wheat,Central,Alluvial,629.62,18.02,56.94,6.65,148.01,86.71,31.78,5.7,5.3
Wheat,West,Black,596.5,18.21,56.63,6.77,70.72,69.56,133.78,3.87,5.68
Wheat,Central,Loamy,383.65,22.35,63.5,7.06,63.01,100.04,138.94,9.14,4.59
Wheat,South,Alluvial,651.3,19.87,83.99,6.75,57.19,76.76,37.48,2.28,5.42
Wheat,North,Alluvial,569.04,21.33,76.06,7.61,122.41,21.42,88.54,4.5,4.84
Wheat,Central,Clay,587.7,16.85,60.61,6.0,93.82,104.57,49.72,8.8,4.44
Wheat,South,Sandy,631.83,25.72,59.11,6.21,49.88,106.34,80.49,3.07,5.34
Wheat,North,Clay,502.79,14.96,76.76,7.18,51.69,54.13,90.8,1.48,4.36
Wheat,Central,Black,871.57,24.26,76.38,6.09,161.73,100.53,131.11,2.95,5.52
Wheat,South,Alluvial,574.98,28.65,78.11,6.59,122.26,36.14,123.55,1.13,5.51
Wheat,Central,Sandy,791.56,25.96,84.12,7.04,110.49,71.0,123.44,6.75,4.49
Wheat,North,Sandy,436.57,24.72,82.78,6.63,133.18,51.13,40.75,2.97,4.74
Wheat,Central,Black,456.63,18.12,74.21,7.09,119.27,90.52,79.56,2.94,4.98
Wheat,South,Black,414.09,23.13,77.07,7.24,139.76,84.18,39.02,2.31,5.02
Wheat,Central,Alluvial,591.03,22.47,48.23,6.55,73.72,31.93,50.61,4.82,5.11
Wheat,North,Alluvial,591.01,21.43,63.57,7.21,80.55,54.67,62.1,4.3,5.28
Wheat,West,Sandy,963.43,15.72,73.17,6.91,57.36,47.1,84.24,1.54,4.27
Wheat,East,Loamy,468.17,22.86,51.38,6.7,118.13,73.44,51.51,1.91,5.32
Wheat,South,Sandy,747.89,20.03,75.29,6.83,81.84,93.39,124.55,9.28,4.69
Wheat,Central,Clay,463.68,28.45,56.84,6.24,161.09,46.23,106.45,5.17,4.94
Wheat,North,Black,564.16,23.45,82.58,6.01,64.98,109.75,49.79,7.52,5.03
Wheat,East,Clay,716.36,20.18,83.1,6.78,145.97,91.55,104.03,2.18,5.77
Wheat,West,Alluvial,618.54,22.97,66.62,6.35,114.74,72.4,88.78,8.85,5.17
Wheat,South,Alluvial,1003.86,23.05,78.87,6.93,154.3,29.84,57.31,6.65,3.7
Wheat,Central,Alluvial,1033.56,23.68,77.81,6.09,160.71,58.74,31.16,3.2,4.22
Wheat,West,Loamy,406.19,19.15,57.73,6.35,124.94,82.14,46.58,9.48,4.35
Wheat,East,Black,524.94,28.34,51.78,7.06,83.54,50.88,116.27,5.43,4.08
Wheat,South,Clay,816.26,24.13,67.91,6.82,128.85,22.03,67.74,1.93,4.85
Wheat,West,Loamy,430.9,20.57,62.56,6.25,139.72,76.68,50.5,6.59,4.78
Wheat,Central,Loamy,595.4,13.98,67.78,6.66,66.85,45.05,107.41,7.77,4.53
Wheat,West,Alluvial,676.96,16.98,64.09,6.77,123.84,64.05,136.25,3.66,5.51
Wheat,South,Sandy,562.33,22.05,63.49,6.43,124.2,92.06,131.06,6.02,5.49
Wheat,Central,Clay,714.52,22.96,56.05,6.51,92.28,32.41,72.21,2.58,4.79
Wheat,West,Alluvial,456.27,19.67,54.17,6.51,46.7,52.31,31.05,2.16,4.88
Wheat,East,Loamy,444.77,20.86,78.13,5.96,101.09,27.44,33.39,7.47,4.43
Wheat,Central,Sandy,591.03,25.17,55.4,5.99,135.74,69.48,42.45,1.97,5.14
Wheat,North,Black,376.52,19.51,81.44,6.41,93.14,86.24,101.9,3.1,4.97
Wheat,Central,Black,595.98,27.75,51.83,6.85,141.49,38.89,111.14,6.86,4.69
Wheat,East,Sandy,661.38,22.61,57.09,6.74,83.85,45.3,89.26,3.75,5.35
Wheat,East,Clay,287.83,17.3,70.63,7.37,56.95,87.51,75.28,1.5,3.92
Wheat,West,Black,595.95,19.27,54.43,6.55,145.44,55.34,45.64,6.38,5.27
Wheat,East,Alluvial,417.03,22.43,86.73,7.15,74.78,104.27,70.6,9.08,4.49
Wheat,South,Black,878.72,21.09,80.24,6.64,123.02,52.24,36.97,5.54,4.38
Wheat,North,Loamy,699.42,17.46,62.21,6.58,56.32,96.72,116.71,8.6,4.97
Wheat,South,Sandy,832.83,24.49,68.22,7.33,95.16,20.06,135.38,2.72,4.87
Maize,East,Clay,948.62,31.64,60.06,6.11,86.48,101.34,48.21,4.37,4.67
Maize,East,Loamy,700.78,25.64,52.19,6.34,114.21,66.75,78.96,1.07,6.26
Maize,South,Black,916.7,24.74,53.82,6.7,131.35,29.22,64.47,8.49,5.04
Maize,South,Clay,796.85,19.37,53.86,6.55,106.31,20.76,101.5,4.74,5.26
Maize,West,Sandy,941.82,22.73,67.46,6.5,57.5,31.08,110.3,3.99,5.61
Maize,East,Clay,788.89,22.52,76.36,6.31,130.15,45.64,133.54,1.23,6.68
Maize,West,Alluvial,582.07,24.55,80.91,6.26,152.24,105.92,84.44,1.96,6.22
Maize,South,Black,1043.57,28.07,48.53,6.05,88.35,95.51,76.29,5.64,4.87
Maize,Central,Black,1006.84,23.35,48.73,6.62,44.98,25.44,116.82,5.31,4.78
Maize,South,Alluvial,625.03,26.59,76.18,6.05,50.45,27.11,131.3,9.28,4.89
Maize,South,Loamy,667.56,29.0,81.58,5.92,78.77,59.37,134.88,3.03,5.35
Maize,North,Clay,826.29,24.23,74.94,6.93,122.26,35.81,31.39,2.17,5.74
Maize,North,Loamy,621.62,25.07,70.76,6.45,86.48,87.48,126.08,7.23,5.43
Maize,Central,Clay,679.12,28.1,71.05,6.2,118.44,64.65,86.19,1.47,6.53
Maize,South,Loamy,682.42,26.93,52.53,5.66,68.55,65.79,34.84,8.33,4.59
Maize,East,Clay,614.91,25.59,54.6,7.11,109.11,102.26,111.47,4.56,5.31
Maize,North,Black,552.95,27.73,59.94,6.68,102.76,101.17,49.73,7.84,4.86
Maize,East,Alluvial,912.3,26.6,60.42,6.52,109.14,20.72,52.07,5.79,4.88
Maize,West,Loamy,766.7,28.26,90.76,7.08,131.56,69.19,117.56,2.28,6.03
Maize,North,Clay,774.75,28.12,84.94,7.09,40.18,79.16,123.39,7.18,4.9
Maize,Central,Black,651.3,24.53,69.65,7.72,128.96,28.37,131.34,8.63,5.19
Maize,West,Clay,715.98,21.87,90.88,6.47,56.69,93.8,38.23,5.83,5.46
Maize,South,Clay,769.69,27.64,61.86,6.52,131.92,48.63,59.92,1.63,5.67
Maize,East,Black,797.19,20.57,54.84,6.56,90.81,68.23,136.11,2.76,6.0
Maize,North,Clay,752.86,26.71,54.94,5.97,127.11,23.63,121.95,3.79,5.55
Maize,Central,Clay,907.73,24.33,50.15,6.05,61.73,105.69,124.01,5.73,5.87
Maize,North,Alluvial,817.59,25.88,82.93,6.42,137.62,40.01,51.79,4.4,5.89
Maize,East,Loamy,472.85,21.09,51.3,6.6,120.75,92.84,40.12,8.2,4.37
Maize,South,Clay,920.8,26.0,55.39,5.55,89.37,22.65,105.15,2.47,5.07
Maize,North,Sandy,734.52,28.65,54.54,5.83,120.91,64.9,127.11,5.07,5.46
Maize,East,Black,644.0,27.38,76.28,6.4,164.26,68.93,32.15,4.25,5.48
Maize,East,Loamy,593.99,23.92,88.16,5.85,62.48,48.7,54.09,8.61,4.74
Maize,North,Clay,821.04,21.42,63.73,6.02,59.95,42.31,56.53,5.54,5.0
Maize,East,Alluvial,380.23,20.57,65.09,7.58,61.71,41.29,64.98,7.27,3.17
Maize,East,Clay,989.3,25.93,89.69,5.77,63.53,108.92,126.98,5.18,5.2
Maize,South,Sandy,694.87,25.09,58.24,6.41,40.09,102.61,52.16,2.11,6.14
Maize,West,Alluvial,838.94,25.7,79.01,6.44,105.79,52.84,37.98,6.99,5.49
Maize,Central,Alluvial,862.37,26.71,54.0,6.9,138.98,106.46,101.41,2.48,6.34
Maize,Central,Black,784.56,22.65,73.91,6.47,126.06,31.46,110.17,9.06,5.62
Maize,West,Clay,912.33,20.29,72.97,6.46,141.1,75.02,100.36,1.88,5.85
Maize,East,Black,730.53,26.19,63.26,6.03,160.38,93.95,103.7,7.2,6.24
Maize,South,Black,862.64,25.17,78.5,5.83,130.05,24.33,78.2,4.57,5.9
Maize,North,Loamy,613.79,25.14,72.03,6.71,148.01,78.59,105.59,2.38,6.15
Maize,North,Sandy,723.41,27.86,89.87,6.55,86.93,85.88,90.18,8.63,5.49
Maize,South,Clay,588.2,22.39,69.24,7.35,60.62,100.08,47.28,1.86,5.11
Maize,West,Clay,599.5,27.33,88.73,5.66,77.18,28.63,73.22,5.67,4.8
Maize,North,Black,772.35,25.1,51.86,6.58,100.04,28.73,52.76,6.42,5.22
Maize,East,Clay,831.57,22.57,65.49,5.64,51.39,68.97,50.34,8.53,4.78
Maize,East,Alluvial,649.48,25.89,68.46,6.35,47.7,87.7,103.42,1.73,6.09
Maize,Central,Clay,543.82,27.94,58.01,6.71,105.32,106.91,105.58,8.96,4.9
Maize,North,Black,699.84,25.2,87.72,6.18,152.56,92.04,104.53,6.27,5.91
Maize,South,Alluvial,961.51,33.68,90.78,6.38,92.92,108.95,77.89,9.48,4.34
Maize,North,Alluvial,743.67,32.47,88.22,6.71,89.67,49.35,60.38,4.89,5.2
Maize,North,Sandy,536.94,21.9,52.95,6.64,112.83,106.83,41.02,1.9,5.47
Maize,Central,Alluvial,967.91,19.82,86.63,6.24,111.5,62.57,48.94,4.43,5.31
Maize,East,Sandy,695.97,21.87,65.41,6.8,46.16,62.77,59.54,4.17,4.95
Maize,East,Sandy,652.17,31.07,85.76,5.82,68.49,47.04,111.81,7.58,4.22
Maize,North,Alluvial,732.85,20.41,51.93,5.37,90.9,63.6,86.82,4.18,5.36
Maize,South,Loamy,774.24,23.79,79.22,5.66,105.54,71.18,49.11,8.44,5.53
Maize,North,Clay,760.53,28.75,88.39,6.2,142.94,65.46,99.9,2.05,6.11
Maize,North,Sandy,619.86,28.28,55.81,6.71,83.72,34.72,128.39,7.37,4.7
Maize,Central,Loamy,807.16,25.19,85.57,6.36,67.67,40.26,52.74,6.54,5.38
Maize,East,Sandy,1018.58,18.32,78.02,6.06,61.65,92.08,54.61,6.17,4.39
Maize,Central,Sandy,630.59,26.52,63.34,6.29,124.65,94.19,73.69,1.87,6.23
Maize,East,Clay,573.48,23.28,60.44,6.09,82.04,44.88,65.77,3.35,4.96
Maize,West,Sandy,910.25,29.68,87.59,6.58,115.0,79.45,104.88,7.13,4.78
Maize,Central,Black,750.75,28.53,65.08,6.99,111.51,37.09,109.92,2.89,5.75
Maize,East,Alluvial,946.41,22.19,70.32,6.79,149.56,36.3,40.74,2.09,4.9
Maize,East,Sandy,767.73,22.84,77.91,6.2,84.41,86.98,63.78,7.7,5.67
Maize,Central,Loamy,751.7,27.83,85.45,5.41,112.95,104.99,37.83,8.56,5.28
Maize,West,Clay,858.99,22.53,61.13,7.13,57.17,38.03,75.01,5.84,4.96
Maize,South,Alluvial,663.63,29.93,82.27,5.67,62.1,77.1,30.52,3.32,5.03
Maize,North,Alluvial,775.81,21.07,81.6,6.83,119.19,56.31,136.19,4.26,5.97
Maize,East,Sandy,805.3,28.12,48.62,5.93,63.82,80.91,98.94,3.11,5.97
Maize,East,Black,861.72,27.42,73.9,6.72,77.28,46.17,110.06,6.07,5.61
Maize,South,Clay,1135.71,17.77,63.08,6.65,63.55,105.33,131.0,4.43,4.21
Maize,East,Alluvial,748.63,23.22,80.3,6.07,85.82,78.55,34.11,8.45,5.29
Maize,East,Black,615.94,21.81,50.11,6.97,46.03,30.42,78.87,2.05,5.2
Maize,West,Loamy,729.7,22.8,78.17,6.77,52.62,66.83,98.51,6.96,5.37
Maize,East,Black,552.54,24.66,60.44,6.41,116.13,90.02,121.46,9.27,4.98
Maize,Central,Black,748.04,25.93,69.84,6.57,81.33,20.25,103.88,8.71,5.87
Maize,West,Loamy,798.59,26.19,70.52,6.27,71.99,40.8,138.75,3.52,5.91
Maize,North,Loamy,835.27,26.24,49.74,6.1,79.09,86.47,40.45,7.44,5.6
Maize,South,Loamy,892.34,20.98,55.5,6.0,117.73,99.06,40.22,7.93,5.09
Maize,North,Clay,448.16,30.08,59.96,5.64,139.99,78.4,117.66,1.96,5.22
Maize,South,Black,1022.47,29.54,69.24,5.86,116.42,90.12,97.25,8.33,4.47
Maize,Central,Alluvial,824.44,24.2,66.1,6.64,79.28,83.41,104.57,7.52,5.56
Maize,West,Clay,820.96,33.38,86.42,5.62,117.28,58.96,109.93,5.1,5.02
Maize,North,Black,861.77,21.32,91.46,6.91,59.62,96.4,123.71,8.39,5.18
Maize,Central,Black,702.26,27.75,60.24,5.73,87.33,93.54,38.67,4.78,5.3
Maize,North,Alluvial,909.95,27.1,61.91,7.04,42.22,56.31,33.94,5.67,4.57
Maize,West,Sandy,968.0,23.89,87.16,5.69,97.03,50.68,120.78,7.94,4.84
Maize,East,Alluvial,566.12,23.26,68.82,5.91,54.25,88.34,54.39,3.9,4.79
Maize,South,Loamy,528.78,24.27,50.01,6.43,129.61,84.94,41.77,6.19,5.2
Maize,Central,Loamy,895.68,23.56,68.11,6.44,53.47,57.3,131.93,8.12,4.83
Maize,Central,Black,782.77,21.32,76.97,6.53,102.35,67.73,35.34,8.95,5.08
Maize,East,Alluvial,992.49,22.29,88.05,6.2,141.91,29.32,102.33,6.15,5.02
Maize,South,Black,874.82,22.6,74.8,6.18,89.73,50.86,62.36,7.84,4.92
Maize,South,Alluvial,509.82,20.74,70.54,6.61,79.24,86.31,90.89,2.85,4.8
Maize,North,Sandy,709.29,19.95,88.53,6.78,161.9,36.0,89.67,6.41,5.63
Maize,North,Alluvial,576.65,23.29,89.48,6.13,151.73,68.05,126.52,4.59,5.45
Maize,North,Sandy,875.22,27.06,50.33,6.63,138.19,108.52,105.17,2.24,6.02
Maize,West,Clay,813.37,29.07,63.78,5.7,124.44,70.57,54.67,6.5,5.25
Maize,Central,Loamy,492.83,24.58,78.63,6.25,87.7,57.49,116.69,6.82,5.06
Maize,Central,Alluvial,873.75,25.21,75.3,6.48,143.75,102.03,107.51,6.5,5.48
Maize,North,Black,752.81,22.76,79.9,6.47,162.93,26.7,135.87,7.25,6.14
Maize,East,Alluvial,877.42,25.69,59.63,6.76,40.71,61.97,133.12,1.34,6.08
Maize,South,Clay,1090.55,27.48,75.09,6.03,111.58,52.23,116.24,3.7,4.76
Maize,East,Clay,498.7,24.23,55.01,5.86,83.68,99.51,102.97,3.81,5.15
Maize,Central,Alluvial,958.11,23.55,68.89,5.6,121.16,30.32,68.06,3.04,4.98
Maize,Central,Sandy,761.66,25.97,86.97,5.71,54.17,43.09,109.64,1.21,6.29
Maize,Central,Alluvial,581.88,24.64,69.42,6.11,80.04,27.41,40.56,9.26,4.99
Maize,West,Loamy,815.14,25.06,77.49,6.43,93.03,29.35,89.15,6.97,5.15
Maize,South,Sandy,758.31,23.04,68.21,6.21,46.78,91.48,91.39,5.89,5.81
Maize,Central,Loamy,622.6,27.04,65.8,6.12,54.79,20.53,109.23,1.54,5.69
Maize,West,Loamy,742.31,23.74,88.83,6.92,77.67,27.79,114.18,4.72,5.91
Maize,East,Loamy,577.24,25.68,54.0,5.68,108.22,106.41,45.85,6.76,5.27
Maize,East,Clay,579.79,23.57,53.42,6.91,107.14,105.23,63.52,7.36,4.97
Maize,North,Alluvial,575.59,27.56,70.55,6.47,144.34,37.49,49.95,7.8,5.04
Maize,South,Loamy,576.11,26.03,60.79,6.49,130.7,63.85,66.39,2.09,5.67
Cotton,East,Black,667.5,30.26,56.51,6.4,122.43,82.41,46.76,5.82,3.68
Cotton,West,Black,743.61,31.57,82.57,6.65,74.58,52.35,104.75,3.82,3.4
Cotton,South,Sandy,436.12,30.98,69.43,7.3,50.25,45.26,120.91,8.58,2.7
Cotton,South,Loamy,658.27,24.25,80.01,7.48,118.95,93.14,93.68,7.54,3.06
Cotton,East,Clay,501.94,27.64,91.94,6.03,85.73,40.1,114.94,7.23,3.01
Cotton,Central,Clay,505.12,29.89,65.46,6.14,146.0,92.59,97.54,2.41,3.72
Cotton,West,Clay,591.08,29.71,89.74,6.16,131.99,63.52,69.47,2.86,3.34
Cotton,East,Loamy,812.96,30.26,49.88,7.06,85.16,62.27,80.01,1.39,4.1
Cotton,North,Alluvial,627.81,25.05,84.5,6.98,108.04,35.65,101.9,4.11,3.49
Cotton,South,Black,675.99,38.12,57.81,6.11,83.13,91.34,127.59,1.06,3.7
Cotton,East,Loamy,710.39,30.17,76.31,6.87,85.28,84.56,43.02,2.96,4.1
Cotton,Central,Loamy,509.91,29.45,57.27,7.25,42.81,23.88,93.08,2.37,3.56
Cotton,East,Loamy,745.41,27.79,55.32,7.28,90.68,107.23,100.14,8.47,3.26
Cotton,Central,Alluvial,722.69,33.54,68.74,6.49,91.35,32.84,94.09,7.52,3.1
Cotton,Central,Black,658.07,34.43,63.08,6.22,68.73,54.69,41.94,2.72,3.27
Cotton,South,Alluvial,774.61,24.89,55.81,7.3,149.72,67.83,112.76,1.79,3.58
Cotton,West,Black,672.87,28.96,89.26,6.59,92.59,98.73,106.74,4.65,4.07
Cotton,North,Sandy,519.96,33.96,87.95,7.11,93.19,42.91,114.24,8.74,2.52
Cotton,South,Sandy,526.8,26.53,59.34,7.54,40.89,67.03,87.17,4.19,2.93
Cotton,West,Clay,620.15,29.87,66.75,6.5,107.01,70.82,97.31,9.43,3.3
Cotton,South,Loamy,455.54,32.09,69.23,6.41,71.72,47.6,67.88,7.0,2.75
Cotton,North,Clay,677.76,25.3,78.77,6.96,90.07,50.46,90.56,6.92,3.62
Cotton,Central,Loamy,516.48,32.1,83.39,7.03,115.03,27.93,58.94,4.15,2.96
Cotton,West,Black,624.7,21.25,65.63,6.59,160.44,25.17,115.1,2.49,3.4
Cotton,North,Sandy,971.81,29.45,88.95,6.51,137.99,65.95,106.83,6.23,3.19
Cotton,North,Loamy,680.24,29.08,54.93,7.58,84.14,55.56,94.47,5.4,3.6
Cotton,West,Alluvial,450.21,27.32,72.6,6.44,141.94,40.37,135.94,4.87,3.25
Cotton,Central,Alluvial,773.01,29.06,70.27,6.3,82.5,30.53,86.46,3.19,3.49
Cotton,North,Black,679.86,32.68,64.59,6.47,82.46,89.8,104.98,8.62,3.4
Cotton,North,Sandy,721.79,29.85,75.88,7.48,68.74,48.42,135.1,5.39,3.59
Cotton,East,Clay,680.73,30.5,77.64,6.88,156.42,62.89,68.89,8.6,3.7
Cotton,South,Alluvial,894.97,27.32,88.04,6.5,131.93,98.55,52.75,2.72,3.56
Cotton,West,Sandy,518.94,33.64,53.27,7.79,101.58,20.6,124.28,9.14,2.56
Cotton,South,Alluvial,553.18,26.28,91.36,7.52,101.35,108.6,130.76,3.38,3.44
Cotton,North,Alluvial,806.89,32.0,66.62,6.91,83.41,97.44,115.35,4.89,3.54
Cotton,South,Sandy,457.86,30.29,48.52,6.94,80.68,75.15,58.57,5.66,3.24
Cotton,South,Alluvial,476.63,29.84,64.1,6.49,127.59,53.51,123.98,3.38,3.59
Cotton,South,Black,813.46,32.27,58.06,7.09,69.48,58.9,71.9,2.24,3.4
Cotton,Central,Alluvial,712.05,27.01,69.98,7.68,104.63,84.85,116.39,3.55,3.77
Cotton,East,Alluvial,745.43,29.46,55.19,6.87,144.87,28.67,111.91,3.21,4.23
Cotton,Central,Clay,424.26,26.81,63.14,6.44,124.95,74.5,93.45,6.52,3.05
Cotton,South,Clay,801.74,28.64,62.3,6.02,95.87,27.06,97.5,4.94,3.2
Cotton,East,Sandy,461.31,22.96,66.56,6.45,153.38,27.12,67.8,3.66,2.69
Cotton,North,Clay,561.31,26.9,87.06,7.01,133.49,66.88,79.53,2.42,3.36
Cotton,Central,Loamy,649.24,24.04,89.38,6.74,60.86,29.27,37.02,8.47,2.78
Cotton,South,Sandy,828.81,29.56,81.66,7.1,59.41,78.93,127.4,3.63,3.78
Cotton,Central,Sandy,606.94,29.62,71.18,6.86,84.61,102.37,125.07,4.97,4.08
Cotton,Central,Sandy,602.91,28.45,89.73,6.22,97.07,87.4,126.5,4.7,3.82
Cotton,South,Sandy,824.56,26.89,57.99,7.13,91.53,34.01,31.16,5.45,3.01
Cotton,North,Alluvial,637.5,33.1,78.26,6.05,77.45,88.93,117.78,6.07,3.36
Cotton,West,Clay,571.67,31.5,72.66,6.59,132.14,55.08,71.62,3.24,3.74
Cotton,North,Clay,412.36,28.36,74.98,6.68,121.06,67.87,59.57,2.6,3.23
Cotton,North,Clay,727.41,30.24,68.04,6.13,101.5,48.86,46.74,9.24,3.08
Cotton,West,Sandy,800.29,28.52,53.5,6.75,51.27,21.33,53.89,4.57,3.21
Cotton,South,Sandy,421.3,30.36,62.53,7.41,47.0,89.81,37.85,5.0,2.16
Cotton,West,Loamy,795.47,23.18,53.37,6.84,136.4,59.87,111.14,1.28,3.52
Cotton,Central,Loamy,258.22,27.72,68.8,6.64,80.38,76.62,34.64,8.97,1.85
Cotton,South,Sandy,675.55,33.85,56.74,7.48,67.22,30.16,99.62,3.76,2.95
Cotton,South,Clay,550.25,27.27,58.7,7.38,126.34,81.96,47.05,7.55,2.98
Cotton,North,Clay,451.71,29.0,62.89,7.55,47.51,52.0,46.93,5.56,2.55
Cotton,South,Sandy,549.46,29.23,72.57,6.54,151.47,85.99,32.35,4.21,3.57
Cotton,East,Alluvial,819.01,26.67,67.25,6.61,63.72,36.8,68.24,7.23,3.21
Cotton,West,Clay,843.87,26.79,51.03,7.01,72.92,53.04,30.08,6.42,2.92
Cotton,West,Alluvial,834.66,25.83,64.02,6.51,47.92,107.04,120.1,2.61,3.37
Cotton,North,Clay,749.34,31.29,66.03,6.71,122.36,23.94,133.16,2.52,4.06
Cotton,South,Alluvial,756.53,30.38,49.4,6.52,101.24,76.16,94.93,1.42,3.78
Cotton,West,Sandy,675.11,28.46,88.53,6.22,144.01,62.13,100.28,4.07,3.74
Cotton,North,Clay,694.27,27.87,75.15,6.08,144.31,27.01,53.75,5.42,3.48
Cotton,Central,Sandy,584.69,28.56,71.15,6.8,62.36,87.43,75.67,1.9,4.28
Cotton,Central,Black,573.29,24.29,66.79,7.43,108.75,65.42,102.33,5.54,3.35
Cotton,South,Alluvial,975.82,26.02,72.2,7.67,91.54,76.99,120.88,3.75,2.79
Cotton,East,Alluvial,540.49,28.07,72.21,6.79,96.55,106.38,30.02,1.29,3.67
Cotton,East,Alluvial,760.39,29.19,87.17,8.1,66.85,48.34,114.87,9.02,2.93
Cotton,East,Sandy,485.43,28.69,73.15,7.21,59.51,43.85,127.86,3.12,3.55
Cotton,Central,Loamy,806.99,30.88,88.39,6.73,139.11,35.56,120.83,6.86,3.23
Cotton,West,Loamy,575.24,27.38,80.15,6.64,46.99,89.38,68.27,7.95,3.14
Cotton,Central,Alluvial,753.53,27.22,76.72,6.75,137.18,54.42,63.53,1.35,4.06
Cotton,South,Black,784.55,32.24,57.72,7.49,89.11,60.11,95.46,5.29,3.21
Cotton,South,Clay,642.84,32.3,53.82,7.31,46.16,55.93,39.36,5.27,3.14
Cotton,West,Sandy,581.04,29.27,65.39,6.28,164.63,67.18,56.65,3.26,3.71
Cotton,South,Sandy,601.66,24.92,52.95,6.43,63.81,51.01,102.1,7.54,3.03
Cotton,North,Loamy,340.26,22.11,67.46,6.88,142.27,37.97,71.12,7.44,2.21
Cotton,West,Loamy,672.68,26.47,75.32,7.31,75.96,50.89,118.47,3.59,4.11
Cotton,North,Black,558.85,33.86,57.32,6.08,108.6,76.07,139.15,6.91,2.92
Cotton,North,Loamy,488.04,26.5,49.91,6.98,138.65,75.62,35.84,6.57,3.14
Cotton,West,Alluvial,588.7,30.74,85.49,6.32,42.38,98.07,101.44,2.96,3.31
Cotton,North,Loamy,747.97,28.77,61.88,7.17,63.3,65.06,80.38,8.87,2.98
Cotton,Central,Sandy,683.02,33.17,62.68,6.59,83.35,51.67,98.78,3.01,3.81
Cotton,West,Clay,759.74,24.59,86.66,7.44,43.68,69.94,60.82,2.29,2.98
Cotton,Central,Sandy,805.38,30.75,90.27,6.32,68.43,41.63,46.8,9.25,2.51
Cotton,South,Black,604.29,29.57,76.71,6.2,65.29,32.43,105.74,8.64,2.93
Cotton,East,Clay,1089.02,28.75,54.39,7.72,79.69,70.16,134.35,2.01,2.54
Cotton,East,Clay,643.34,23.27,86.73,6.4,95.38,104.04,128.35,8.93,3.41
Cotton,North,Sandy,692.96,27.41,56.13,6.85,73.36,71.03,55.4,2.97,3.56
Cotton,South,Clay,909.09,31.83,53.9,7.09,121.2,36.56,72.62,5.03,2.67
Cotton,South,Black,702.83,32.45,90.63,7.78,67.82,80.42,52.31,2.74,3.17
Cotton,East,Black,796.84,26.08,62.3,6.47,90.61,23.76,110.89,4.23,3.34
Cotton,North,Clay,491.12,25.39,74.13,5.89,138.36,66.86,79.68,8.03,2.59
Cotton,East,Sandy,530.51,28.6,80.35,6.29,118.83,24.44,62.03,4.38,3.23
Cotton,North,Clay,527.44,29.86,74.98,7.31,57.78,94.69,79.69,7.14,3.18
Cotton,South,Black,743.48,21.12,78.63,7.11,96.36,36.1,94.93,7.06,3.01
Cotton,North,Alluvial,792.01,30.62,76.54,6.74,131.66,28.21,107.68,6.39,3.42
Cotton,South,Clay,615.91,23.72,90.91,6.6,108.79,23.95,48.8,3.85,3.21
Cotton,South,Clay,743.95,27.43,79.33,6.46,136.08,60.16,98.91,2.0,4.19
Cotton,West,Black,935.37,29.13,48.54,6.27,140.93,74.72,84.28,2.84,3.36
Cotton,South,Loamy,628.45,29.74,74.4,6.82,117.47,70.18,120.78,1.42,4.71
Cotton,South,Clay,656.57,28.24,85.57,6.37,77.31,102.83,35.39,4.54,3.4
Cotton,North,Sandy,583.07,24.88,78.43,6.15,62.18,60.98,93.69,8.92,2.49
Cotton,East,Alluvial,538.56,35.51,84.09,6.85,48.12,62.37,43.42,8.3,2.05
Cotton,Central,Sandy,591.8,30.2,57.2,7.35,162.42,67.61,39.64,7.15,3.41
Cotton,West,Black,418.98,31.92,59.43,6.24,155.89,75.29,84.6,7.2,2.64
Cotton,South,Alluvial,790.86,22.41,58.24,6.73,54.78,61.84,117.64,7.27,2.97
Cotton,East,Sandy,835.09,28.98,62.69,6.2,41.41,38.11,60.98,7.72,2.58
Cotton,East,Sandy,547.39,28.87,48.27,6.64,130.55,75.44,33.2,2.49,3.54
Cotton,West,Black,831.29,27.18,68.88,7.04,59.42,61.46,125.17,8.62,3.05
Cotton,East,Loamy,725.78,28.49,70.93,6.18,109.4,21.68,93.51,3.82,3.54
Cotton,East,Sandy,799.49,28.48,49.37,7.43,145.3,71.39,72.85,6.06,3.35
Cotton,East,Loamy,650.19,26.38,51.82,7.11,143.68,47.24,87.76,2.49,3.76
Cotton,Central,Sandy,737.64,21.59,67.53,7.31,102.51,37.12,131.6,7.23,2.94
Cotton,Central,Loamy,693.33,27.13,86.36,7.26,124.59,31.94,109.7,4.9,3.37
Sugarcane,East,Loamy,1588.01,30.2,78.23,6.44,98.36,24.15,87.26,6.6,8.02
Sugarcane,South,Clay,1125.34,28.62,87.25,6.47,74.58,48.72,78.52,2.0,9.28
Sugarcane,East,Alluvial,1236.11,30.59,75.41,6.3,83.79,48.66,45.57,6.99,8.89
Sugarcane,North,Loamy,1241.87,31.31,74.98,6.34,56.26,62.37,104.3,1.9,9.69
Sugarcane,Central,Loamy,1155.67,30.95,74.23,5.89,127.42,75.47,64.37,7.95,8.43
Sugarcane,West,Black,1488.42,29.06,68.49,7.16,154.96,62.14,80.11,6.82,8.7
Sugarcane,East,Black,1252.25,32.4,85.89,5.86,89.01,82.97,103.17,7.7,8.52
Sugarcane,West,Loamy,1185.02,30.1,52.97,5.74,75.28,51.38,93.21,5.32,8.81
Sugarcane,West,Loamy,1140.34,34.37,82.87,6.15,91.68,75.88,90.27,9.28,8.25
Sugarcane,North,Alluvial,1091.56,35.25,74.0,6.7,138.42,69.01,55.98,6.63,8.22
Sugarcane,Central,Black,1278.32,28.57,74.23,6.51,95.65,47.72,74.64,6.09,9.12
Sugarcane,South,Black,1139.1,34.33,50.71,6.65,112.6,87.95,119.08,7.44,8.85
Sugarcane,West,Sandy,1093.73,29.34,73.43,6.83,79.57,71.32,130.45,3.59,9.46
Sugarcane,North,Alluvial,1437.95,29.73,74.91,5.73,146.56,25.62,129.12,9.23,8.27
Sugarcane,West,Black,1300.86,27.1,85.89,6.82,127.78,55.48,64.99,4.25,8.97
Sugarcane,South,Clay,1027.74,28.6,68.89,6.77,155.56,95.6,46.97,9.48,8.61
Sugarcane,West,Alluvial,1456.3,30.36,54.34,7.09,161.87,32.22,45.09,7.85,8.01
Sugarcane,West,Clay,1429.82,27.99,67.99,5.86,88.09,40.32,76.72,1.06,8.79
Sugarcane,North,Clay,1212.0,27.38,88.77,6.5,44.73,63.49,70.54,5.93,8.85
Sugarcane,North,Alluvial,1217.23,25.88,85.81,6.6,104.62,67.1,97.11,3.08,9.2
Sugarcane,West,Sandy,1278.65,27.19,50.32,6.17,98.61,66.14,81.62,7.24,8.97
Sugarcane,West,Alluvial,1500.19,28.51,60.73,7.59,133.68,85.43,92.01,1.52,8.74
Sugarcane,East,Sandy,1263.77,30.97,91.58,6.83,75.85,27.43,85.62,8.24,8.54
Sugarcane,South,Sandy,1321.97,32.04,85.75,6.82,61.83,73.26,46.62,4.8,8.82
Sugarcane,West,Black,1262.35,27.56,55.96,6.48,163.01,107.06,95.51,7.98,9.25
Sugarcane,North,Loamy,1254.11,27.51,67.37,6.4,131.8,51.06,100.65,7.42,8.93
Sugarcane,South,Alluvial,1314.88,32.98,61.26,6.58,106.57,54.18,107.62,5.03,8.66
Sugarcane,East,Black,1255.89,29.62,88.8,5.96,160.22,81.46,34.51,8.8,9.07
Sugarcane,South,Alluvial,1072.48,26.84,59.99,6.5,71.92,72.58,80.72,6.74,8.76
Sugarcane,Central,Loamy,1263.34,25.92,77.82,6.99,41.32,20.76,37.47,4.5,8.44
Sugarcane,South,Alluvial,1184.96,27.09,79.91,6.6,117.42,25.12,95.36,8.6,8.8
Sugarcane,North,Clay,1087.79,25.93,53.28,6.75,122.05,100.99,92.27,9.22,8.29
Sugarcane,East,Sandy,1236.47,33.81,89.19,5.94,74.55,58.43,129.37,7.54,8.38
Sugarcane,West,Clay,1270.9,31.13,82.19,6.3,47.51,106.0,59.11,4.74,9.26
Sugarcane,North,Loamy,1167.65,28.64,69.65,7.08,67.3,77.9,130.39,7.08,9.15
Sugarcane,East,Clay,1415.11,31.96,59.03,5.7,58.61,77.63,132.62,6.65,8.42
Sugarcane,North,Alluvial,1139.62,22.99,73.28,5.54,101.33,59.25,122.85,7.64,7.94
Sugarcane,North,Loamy,1262.34,33.31,78.33,6.64,106.91,109.24,66.68,3.57,9.3
Sugarcane,South,Sandy,1045.14,34.99,62.96,7.01,76.24,38.28,90.99,9.22,7.39
Sugarcane,Central,Clay,1133.46,23.17,75.75,6.48,119.1,86.18,45.39,2.64,8.83
Sugarcane,North,Sandy,1186.01,30.08,71.78,6.4,144.28,60.44,139.54,1.31,10.19
Sugarcane,Central,Clay,1250.43,29.02,53.2,6.83,97.3,81.03,126.17,2.27,9.36
Sugarcane,South,Loamy,1276.62,29.58,54.23,6.31,154.75,24.12,107.14,2.11,9.36
Sugarcane,Central,Clay,1469.7,26.45,52.28,5.95,47.99,93.57,42.56,6.06,7.51
Sugarcane,East,Clay,1333.11,30.88,62.84,6.98,90.25,30.87,105.25,5.64,8.5
Sugarcane,Central,Loamy,1257.96,25.46,62.76,6.78,91.89,82.67,90.87,4.73,9.11
Sugarcane,Central,Sandy,1417.56,34.47,75.82,6.41,149.95,27.27,30.79,8.87,8.08
Sugarcane,Central,Loamy,1004.6,33.1,81.99,6.49,119.98,67.08,75.32,8.97,8.04
Sugarcane,Central,Loamy,1043.9,26.93,74.93,7.32,77.65,57.69,91.35,2.63,8.68
Sugarcane,South,Black,1020.7,25.4,91.42,6.1,118.31,38.73,35.84,1.96,8.34
Sugarcane,West,Loamy,1151.51,30.03,88.6,7.0,66.2,42.62,97.85,8.57,8.72
Sugarcane,Central,Sandy,1279.02,30.68,71.64,6.66,104.36,26.38,55.88,4.78,9.15
Sugarcane,South,Loamy,1022.75,32.74,87.53,6.63,68.47,41.34,75.39,2.7,8.73
Sugarcane,East,Sandy,1070.21,30.71,87.18,7.23,96.87,54.86,45.0,7.12,8.72
Sugarcane,East,Alluvial,1263.14,31.69,78.46,6.83,146.46,61.27,48.83,3.92,9.39
Sugarcane,South,Alluvial,1387.51,35.04,89.92,7.09,109.09,40.67,75.29,5.44,8.17
Sugarcane,South,Alluvial,1075.1,30.63,48.64,5.78,70.98,59.08,54.46,8.88,8.1
Sugarcane,North,Black,1365.2,27.89,49.95,7.33,103.03,58.31,73.38,7.88,8.19
Sugarcane,North,Black,1177.55,30.04,81.14,6.44,67.25,52.26,56.3,9.49,8.4
Sugarcane,South,Sandy,1196.59,28.24,68.21,6.06,162.05,61.74,45.25,6.98,8.74
Sugarcane,Central,Alluvial,1076.41,26.21,48.06,6.29,126.34,67.78,62.62,7.4,8.08
Sugarcane,North,Loamy,1149.0,28.95,78.13,6.3,156.53,66.33,130.1,4.09,9.35
Sugarcane,East,Clay,1115.52,32.55,49.8,6.17,128.11,70.47,115.09,2.18,9.35
Sugarcane,East,Alluvial,1029.63,28.79,80.44,6.61,127.86,87.79,113.7,3.72,8.74
Sugarcane,Central,Sandy,1188.7,27.52,50.79,6.31,105.84,31.04,108.08,6.77,8.96
Sugarcane,West,Clay,1102.76,30.97,77.63,6.17,150.39,36.95,127.24,1.74,8.8
Sugarcane,East,Black,1150.28,38.27,52.81,6.49,102.04,98.75,87.28,6.33,8.72
Sugarcane,South,Alluvial,1423.9,29.19,53.81,6.32,120.59,46.24,36.92,8.41,8.4
Sugarcane,East,Alluvial,1145.05,27.24,63.08,6.36,114.17,82.72,122.61,4.78,8.95
Sugarcane,West,Clay,1418.85,34.42,55.56,6.57,161.34,89.28,35.21,4.0,8.95
Sugarcane,North,Loamy,1174.74,28.63,71.55,6.72,128.51,101.42,117.39,2.37,9.86
Sugarcane,West,Alluvial,1435.95,29.83,67.4,6.39,128.39,79.9,137.58,2.26,9.48
Sugarcane,Central,Alluvial,1423.08,29.36,53.35,7.63,136.06,105.3,132.06,2.33,9.13
Sugarcane,West,Sandy,1125.36,34.64,68.85,6.33,162.59,71.64,46.18,5.8,9.16
Sugarcane,North,Sandy,1149.22,24.88,87.61,6.96,78.51,56.15,122.5,4.79,8.94
Sugarcane,North,Alluvial,1442.09,31.65,73.67,6.78,74.74,22.03,89.23,4.79,8.96
Sugarcane,West,Sandy,1102.75,32.43,74.54,6.45,123.35,55.78,108.76,4.63,8.98
Sugarcane,West,Sandy,1377.56,30.24,61.56,6.06,66.96,99.9,111.57,4.53,9.03
Sugarcane,Central,Sandy,1364.79,34.7,87.5,6.54,144.44,73.81,45.8,3.58,8.7
Sugarcane,South,Clay,1588.35,33.48,81.27,6.99,154.3,57.31,91.14,7.04,8.1
Sugarcane,North,Loamy,1297.57,33.07,72.37,7.41,144.32,47.35,91.52,4.94,8.94
Sugarcane,South,Loamy,1311.88,32.37,76.18,6.45,123.24,45.89,49.73,8.71,8.5
Sugarcane,West,Loamy,1328.44,31.87,91.75,7.28,112.63,70.9,125.52,6.34,9.09
Sugarcane,North,Sandy,1069.6,33.95,48.77,6.56,58.27,61.49,106.26,4.04,8.82
Sugarcane,North,Alluvial,1102.82,33.7,90.03,6.96,119.87,26.91,51.32,6.34,8.42
Sugarcane,Central,Sandy,1243.1,25.74,86.39,6.92,77.63,81.69,105.72,1.81,9.1
Sugarcane,South,Clay,1250.74,29.51,70.8,6.24,82.54,101.97,41.27,2.31,9.62
Sugarcane,North,Loamy,1293.65,25.82,78.34,7.43,129.07,83.2,118.28,4.55,8.84
Sugarcane,East,Clay,1382.54,23.0,69.1,6.44,142.13,100.08,95.74,7.49,8.64
Sugarcane,North,Black,1230.96,29.2,83.84,6.75,57.79,40.39,43.79,2.11,9.71
Sugarcane,North,Black,1144.58,24.45,51.42,6.72,45.31,29.7,117.24,5.36,7.98
Sugarcane,South,Sandy,1324.05,31.76,50.91,6.23,137.8,102.81,52.59,8.66,8.35
Sugarcane,Central,Alluvial,1322.72,30.35,80.83,6.5,84.03,96.96,115.89,6.21,9.56
Sugarcane,North,Clay,1492.4,32.62,81.58,5.9,160.53,35.46,112.94,1.04,8.74
Sugarcane,West,Clay,1497.05,26.82,68.89,6.51,124.19,29.66,121.82,9.34,7.94
Sugarcane,North,Loamy,1087.13,29.69,81.5,6.4,104.97,64.62,69.74,3.45,9.3
Sugarcane,West,Clay,1204.94,31.49,60.48,6.29,162.02,59.96,90.93,3.47,9.35
Sugarcane,Central,Loamy,1437.88,24.35,83.31,7.0,41.6,80.67,103.93,4.37,8.16
Sugarcane,South,Alluvial,1350.09,32.32,78.58,7.33,151.55,35.19,70.01,2.69,8.86
Sugarcane,West,Sandy,1325.05,27.13,58.25,6.13,135.6,88.94,95.3,7.43,8.88
Sugarcane,South,Loamy,1038.41,30.7,65.8,6.24,136.0,29.72,57.58,5.23,8.54
Sugarcane,North,Loamy,1280.06,30.66,51.0,6.07,87.83,81.13,46.8,6.29,8.25
Sugarcane,Central,Alluvial,1143.67,26.51,69.66,6.23,102.24,65.43,89.67,7.88,8.54
Sugarcane,South,Alluvial,1493.32,30.64,91.59,6.77,96.26,96.76,78.68,1.31,9.02
Sugarcane,West,Alluvial,1099.45,25.02,86.93,6.85,79.06,55.02,114.04,5.84,8.7
Sugarcane,East,Sandy,1162.79,25.93,68.94,6.93,88.92,64.52,136.8,6.24,8.58
Sugarcane,North,Black,1224.64,30.73,49.99,6.82,132.76,22.42,128.05,3.9,9.27
Sugarcane,East,Loamy,1160.61,32.64,63.46,6.42,121.01,73.33,130.14,1.56,9.36
Sugarcane,Central,Loamy,1224.35,30.58,62.35,5.73,111.01,101.13,59.33,6.92,9.01
Sugarcane,East,Clay,1385.52,29.7,65.17,5.87,52.51,80.76,66.96,5.27,8.31
Sugarcane,North,Sandy,1132.98,27.87,67.18,5.73,138.39,95.63,88.94,3.44,9.0
Sugarcane,Central,Black,1392.07,29.92,57.94,6.59,145.52,28.53,67.05,1.57,9.16
Sugarcane,East,Alluvial,1115.72,31.39,51.37,6.84,77.49,79.71,64.47,4.52,8.53
Sugarcane,West,Sandy,1017.21,29.51,72.09,7.06,104.53,36.79,84.91,6.62,8.13
Sugarcane,South,Clay,1410.8,28.39,75.03,6.66,110.76,76.41,87.45,4.1,8.77
Sugarcane,East,Clay,1373.52,34.19,61.21,6.24,143.78,25.8,52.39,4.51,8.55
Sugarcane,West,Black,1231.76,34.61,65.86,6.82,70.7,94.45,81.06,5.76,8.97
Sugarcane,West,Loamy,1215.15,29.26,55.01,6.83,140.44,79.28,49.36,8.25,9.11
Sugarcane,West,Clay,1540.37,32.47,61.81,6.55,159.39,100.71,103.88,8.53,8.45
Sugarcane,North,Clay,1257.09,34.41,70.01,7.08,112.55,89.76,87.78,5.22,9.2
